ID,orden,latitud,longitud,descripcion,ruta_ID,createdAt
c5ef6923-a234-4076-846e-f5e7b69c09ab,0,10.548921,-71.636708,Maracaibo,01bf2722-64d7-45a7-a949-dd6c98988e1b,2026-07-15T14:34:39Z
dd3e82b3-6dc8-43d7-85e9-55eadd2c9d43,1,10.157238,-68.897327,CHIVACOA,01bf2722-64d7-45a7-a949-dd6c98988e1b,2026-07-15T14:34:39Z
8517cd63-eeb0-420c-9748-c1c0f0a959b8,0,10.548921,-71.636708,Maracaibo,02514e76-c65f-4c7b-8f0a-36ecff600d4a,2026-07-15T14:34:39Z
0ba85edf-60a7-4fb5-b352-4f43eddfe727,1,10.431916,-64.183316,CUMANA,02514e76-c65f-4c7b-8f0a-36ecff600d4a,2026-07-15T14:34:39Z
502740e5-d7d4-44a4-8d21-167ac4552a3c,0,10.548921,-71.636708,Maracaibo,05957d45-41ac-4f00-b4a3-09c1df2ef454,2026-07-15T14:34:39Z
f3f0a853-81ed-4eb3-bd93-ac761e1addff,1,10.476721,-66.960686,LA YAGUARA,05957d45-41ac-4f00-b4a3-09c1df2ef454,2026-07-15T14:34:39Z
9e8d4e64-3bb1-4568-bec1-0b6787705287,0,10.548921,-71.636708,Maracaibo,0c3f8696-4c28-4440-aa46-4b10b12baed1,2026-07-15T14:34:44Z
de2f2362-e4ad-4a84-87f2-92a2eb9f3944,1,10.186340,-67.459350,CD ARAGUA,0c3f8696-4c28-4440-aa46-4b10b12baed1,2026-07-15T14:34:44Z
b74724e7-eaee-4315-9cff-587b8a7f4913,2,10.260610,-67.793480,SAN JOAQUIN,0c3f8696-4c28-4440-aa46-4b10b12baed1,2026-07-15T14:34:44Z
8bc765e5-6925-4508-bc62-aaea7fb82d08,0,10.548921,-71.636708,Maracaibo,0de77b0d-33b5-415f-8f85-52ca05ece98d,2026-07-15T14:34:39Z
0f4ec17c-5644-435c-af8b-1b21c4117260,1,9.315270,-70.608222,VALERA,0de77b0d-33b5-415f-8f85-52ca05ece98d,2026-07-15T14:34:39Z
94a83dcc-d1b5-4628-b3ca-814f0dc49013,0,10.548921,-71.636708,Maracaibo,1048e64c-6225-46d6-aa70-a284fea44764,2026-07-15T14:34:44Z
bb6aedb6-7c62-4d5f-9e78-3b4e6f5ffd92,1,8.581700,-71.165810,MERIDA,1048e64c-6225-46d6-aa70-a284fea44764,2026-07-15T14:34:44Z
02b29bec-cfb9-4bfc-bb65-f9736205a35b,0,10.548921,-71.636708,Maracaibo,1125eb4c-9e45-4d30-acbd-fe8dc6204add,2026-07-15T14:34:44Z
e1650720-a7a6-43fe-b16c-5e5ea8109cbb,1,8.614430,-71.655470,VIGIA,1125eb4c-9e45-4d30-acbd-fe8dc6204add,2026-07-15T14:34:44Z
121f1a20-2c63-4fe0-8c47-9eb5cd5dfbea,2,9.317780,-70.603610,VALERA,1125eb4c-9e45-4d30-acbd-fe8dc6204add,2026-07-15T14:34:44Z
04800951-9dc1-4a99-ab44-5b2b0267956c,0,10.548921,-71.636708,Maracaibo,114e1b40-3456-4558-9a99-9ab748fd9c6b,2026-07-15T14:34:39Z
1af2f205-9fef-4765-aff8-e00d143f8793,1,11.711511,-70.181302,PUNTO FIJO,114e1b40-3456-4558-9a99-9ab748fd9c6b,2026-07-15T14:34:39Z
bf5cfe42-f37e-4bb9-ab2b-222d2077fcf9,0,10.548921,-71.636708,Maracaibo,12546730-9332-411f-8a21-217406e43369,2026-07-15T14:34:39Z
33708b76-284b-4f2c-9dc1-1e055d35716c,1,10.031350,-67.493371,LA VILLA CLIENTE,12546730-9332-411f-8a21-217406e43369,2026-07-15T14:34:39Z
d996eab2-f784-461b-87e8-1d22e7e67263,0,10.548921,-71.636708,Maracaibo,13b64ce6-6a62-4843-a301-ddbbb7ebb8af,2026-07-15T14:34:39Z
d51fd007-eb23-4145-b26a-c2c78728ea8f,1,10.259911,-67.802252,SAN JOAQUIN,13b64ce6-6a62-4843-a301-ddbbb7ebb8af,2026-07-15T14:34:39Z
3df6fc38-fd52-4dbc-a2b9-d5f45800e00e,0,10.548921,-71.636708,Maracaibo,176f5b02-03e2-44cd-9efb-11846217278a,2026-07-15T14:34:44Z
4db416d8-0d3f-44fb-995a-6bba5c770734,1,10.260610,-67.793480,SAN JOAQUIN,176f5b02-03e2-44cd-9efb-11846217278a,2026-07-15T14:34:44Z
ef8301a3-9eb8-47e6-a9d5-901f29049be1,2,10.399070,-71.452060,CABIMAS,176f5b02-03e2-44cd-9efb-11846217278a,2026-07-15T14:34:44Z
0c2412d9-5a0b-44b0-b620-f275f14848d2,0,10.548921,-71.636708,Maracaibo,18558b76-ae00-4d11-8e0f-616b69401562,2026-07-15T14:34:44Z
a4647880-bca3-4ea7-aa4b-1518c1b7d144,1,10.186340,-67.459350,CD ARAGUA,18558b76-ae00-4d11-8e0f-616b69401562,2026-07-15T14:34:44Z
d9017ab8-7d19-40f4-ab6e-8c33907b632b,2,10.159510,-68.894530,CHIVACOA,18558b76-ae00-4d11-8e0f-616b69401562,2026-07-15T14:34:44Z
8860e052-40ea-447e-a567-983038f95321,3,10.162840,-68.000560,VALENCIA,18558b76-ae00-4d11-8e0f-616b69401562,2026-07-15T14:34:44Z
94c01db5-f531-40fd-b374-b1126f8df46b,0,10.548921,-71.636708,Maracaibo,19139e0c-da05-40b1-b131-7c7d9c1e51c4,2026-07-15T14:34:44Z
ca6d9870-f54c-4a06-8350-5c005d24d034,1,10.045960,-64.753240,LOS POTOCOS,19139e0c-da05-40b1-b131-7c7d9c1e51c4,2026-07-15T14:34:44Z
adaed366-0018-4ee5-ab12-9c08f5e1e0d4,2,10.340190,-68.745310,YARACUY,19139e0c-da05-40b1-b131-7c7d9c1e51c4,2026-07-15T14:34:44Z
a64188a9-14cb-49d6-b236-2a073240ad32,0,10.548921,-71.636708,Maracaibo,1b15dcc6-bfc7-4017-9cbf-dff02382c21e,2026-07-15T14:34:44Z
7cb976e4-b117-40c0-b6f6-fa4949b99bc4,1,10.260610,-67.793480,SAN JOAQUIN,1b15dcc6-bfc7-4017-9cbf-dff02382c21e,2026-07-15T14:34:44Z
bfbd7bc3-a6c0-4994-8272-c2b59a3826d3,2,10.259910,-67.802250,LOS PUERTOS,1b15dcc6-bfc7-4017-9cbf-dff02382c21e,2026-07-15T14:34:44Z
7fab96f9-c7fa-4608-8ca6-599e51c0ddd2,0,10.548921,-71.636708,Maracaibo,207bcf9e-f335-460b-a1aa-8fa1712c6b9c,2026-07-15T14:34:39Z
3e9d0c6f-7a2e-4cef-82da-f00d9927b2e8,1,10.063576,-67.284788,CD ARAGUA,207bcf9e-f335-460b-a1aa-8fa1712c6b9c,2026-07-15T14:34:39Z
8b90c755-69b8-4dc1-89df-d833808557c7,0,10.548921,-71.636708,Maracaibo,2169a3c4-98d7-44a0-a926-21eb0c057123,2026-07-15T14:34:44Z
e1bcedd7-7775-4c1e-a0c9-9baf7e04a55c,1,10.159510,-68.894530,CHIVACOA,2169a3c4-98d7-44a0-a926-21eb0c057123,2026-07-15T14:34:44Z
a777acd5-d7fa-4945-8110-b6c9467fb4bd,2,10.186340,-67.459350,ARAGUA,2169a3c4-98d7-44a0-a926-21eb0c057123,2026-07-15T14:34:44Z
02b603e7-7db9-4587-9fd0-440ccfe97f2c,0,10.548921,-71.636708,Maracaibo,2991bfce-593f-443c-8f3d-15107a202ff2,2026-07-15T14:34:44Z
6d4e2713-91c9-4335-89c3-ef33bbc93569,1,10.060770,-72.552120,MACIQUES,2991bfce-593f-443c-8f3d-15107a202ff2,2026-07-15T14:34:44Z
d1d53cea-5651-4de5-a1dd-f2a500f9e8aa,2,10.260610,-67.793480,SAN JOAQUIN,2991bfce-593f-443c-8f3d-15107a202ff2,2026-07-15T14:34:44Z
3f00262f-5a2a-4803-81bf-e24b060f6c97,0,10.548921,-71.636708,Maracaibo,2cd1fec4-6387-4cae-8d78-d563f1e37bcf,2026-07-15T14:34:44Z
efc6e569-d63f-49a5-86cb-0a679e9de677,1,10.162840,-68.000560,VALENCIA,2cd1fec4-6387-4cae-8d78-d563f1e37bcf,2026-07-15T14:34:44Z
9394a4a0-098d-47bd-9b7a-535391f4696b,2,10.159510,-68.894530,CHIVACOA,2cd1fec4-6387-4cae-8d78-d563f1e37bcf,2026-07-15T14:34:44Z
986ddc81-5cbb-4b52-8a7b-427540adebe8,0,10.548921,-71.636708,Maracaibo,2da8982a-9f72-43c6-85a8-74ae9ac9d9c3,2026-07-15T14:34:44Z
84adcdd9-3cf2-43d7-a009-b8dd736145be,1,10.260610,-67.793480,SAN JOAQUIN,2da8982a-9f72-43c6-85a8-74ae9ac9d9c3,2026-07-15T14:34:44Z
94a7663f-5e60-49ff-bb61-4d394a082585,2,10.283100,-66.375910,CAUCAGUA,2da8982a-9f72-43c6-85a8-74ae9ac9d9c3,2026-07-15T14:34:44Z
eb23b2f2-3d0e-4032-b0df-a97520cec43b,3,10.642320,-71.610890,MCBO,2da8982a-9f72-43c6-85a8-74ae9ac9d9c3,2026-07-15T14:34:44Z
f3ad549f-0bba-4370-bb01-8fc15e9e1dde,0,10.548921,-71.636708,Maracaibo,33d9038a-78b9-441f-a99f-96f3f897538a,2026-07-15T14:34:44Z
edd40fc8-7314-4635-a66d-d397554eabcc,1,10.138400,-64.687690,BARCELONA,33d9038a-78b9-441f-a99f-96f3f897538a,2026-07-15T14:34:44Z
7adae731-3582-42b6-be9e-c1380d03345e,2,10.159510,-68.894530,CHIVACOA,33d9038a-78b9-441f-a99f-96f3f897538a,2026-07-15T14:34:44Z
f7f316d0-a940-4ba5-a9ae-20b8f4e227e5,0,10.548921,-71.636708,Maracaibo,3a8d9c92-7bb4-4ccd-a5a0-054eac8b8114,2026-07-15T14:34:44Z
384e15af-8ea4-481a-9fb7-fa203cb76956,1,10.031350,-67.493370,LA VILLA,3a8d9c92-7bb4-4ccd-a5a0-054eac8b8114,2026-07-15T14:34:44Z
5bafebe9-ddc1-4ec6-a8d6-2a122d3a8295,2,10.259910,-67.802250,LOS PUERTOS,3a8d9c92-7bb4-4ccd-a5a0-054eac8b8114,2026-07-15T14:34:44Z
b2e9ac3a-c762-4cdc-925f-58fe17e38819,0,10.548921,-71.636708,Maracaibo,3b3ca1fb-b8b1-47ac-86eb-9ff7bb2e8e1f,2026-07-15T14:34:44Z
7bf17b34-e872-4579-858e-860f8b806bff,1,9.365800,-70.434100,TRUJILLO,3b3ca1fb-b8b1-47ac-86eb-9ff7bb2e8e1f,2026-07-15T14:34:44Z
524b33e8-92bc-4747-9e36-685787b917ce,2,10.031350,-67.493370,LA VILLA,3b3ca1fb-b8b1-47ac-86eb-9ff7bb2e8e1f,2026-07-15T14:34:44Z
05dc8a41-e17d-446d-806a-2067c003bb4b,0,10.548921,-71.636708,Maracaibo,3c4ef77f-192d-4288-b1f8-3872933fb2d9,2026-07-15T14:34:44Z
631e7aff-4ebc-4d00-9d9a-91e1d0f6ae64,1,9.331860,-69.119680,TUREN,3c4ef77f-192d-4288-b1f8-3872933fb2d9,2026-07-15T14:34:44Z
98db243c-2274-45ec-8194-814d1a677828,2,,,CLIENTE,3c4ef77f-192d-4288-b1f8-3872933fb2d9,2026-07-15T14:34:44Z
03a705f5-ff96-4c88-ac12-c0caa77954b9,0,10.548921,-71.636708,Maracaibo,3c9f4977-97f8-4cc7-a0c0-88c297530c0c,2026-07-15T14:34:44Z
22b7b10c-5ac6-42df-99c8-54486f8aaed2,1,10.814720,-71.755280,NUEVA LUCHA,3c9f4977-97f8-4cc7-a0c0-88c297530c0c,2026-07-15T14:34:44Z
11dccc9c-0ca1-49ba-8a37-f9abe186990d,2,10.260610,-67.793480,SAN JOAQUIN,3c9f4977-97f8-4cc7-a0c0-88c297530c0c,2026-07-15T14:34:44Z
00a435ad-8da7-49b7-a724-27198c09c7da,0,10.548921,-71.636708,Maracaibo,3f2cee54-8a92-45f4-aba6-e82c2a8c4643,2026-07-15T14:34:39Z
6e667c6f-778e-46a0-bfcc-3f3797affbfc,1,10.813938,-69.537274,CHURUGUARA,3f2cee54-8a92-45f4-aba6-e82c2a8c4643,2026-07-15T14:34:39Z
eec1a380-bfcb-4013-8d43-53925c281f9d,0,10.548921,-71.636708,Maracaibo,40080877-55cb-432a-8d06-bd6d531a581b,2026-07-15T14:34:44Z
c6f79718-04b8-4afa-90c7-98fac1773137,1,10.259910,-67.802250,LOS PUERTOS,40080877-55cb-432a-8d06-bd6d531a581b,2026-07-15T14:34:44Z
05ae16f6-8138-419f-9839-d747ae2959bd,2,10.260610,-67.793480,SAN JOAQUIN,40080877-55cb-432a-8d06-bd6d531a581b,2026-07-15T14:34:44Z
e45c7c16-0582-4896-b245-d8255a90f237,0,10.548921,-71.636708,Maracaibo,413c3e74-d4b8-47dc-90ca-207f445a8ec9,2026-07-15T14:34:39Z
646d2a10-f667-44e8-b732-925a524a0795,1,11.394604,-69.681034,CORO,413c3e74-d4b8-47dc-90ca-207f445a8ec9,2026-07-15T14:34:39Z
96a3b68c-4f3e-49d6-acdd-e8e59f5226e4,0,10.548921,-71.636708,Maracaibo,42476d80-a0fa-44d1-af23-13edb66875db,2026-07-15T14:34:44Z
c563ec67-7782-4f9e-924d-2ca208b2bb9f,1,10.186340,-67.459350,CD ARAGUA,42476d80-a0fa-44d1-af23-13edb66875db,2026-07-15T14:34:44Z
94e5ddd0-7dc6-46c8-b326-72fcbd716a4f,2,10.260610,-67.793480,SAN JOAQUIN,42476d80-a0fa-44d1-af23-13edb66875db,2026-07-15T14:34:44Z
74d6a0c5-31cb-4ba0-b872-9bd34cf92622,3,10.060770,-72.552120,MACHIQUES,42476d80-a0fa-44d1-af23-13edb66875db,2026-07-15T14:34:44Z
f131a561-ba87-4688-9be9-9212b7770d2d,0,10.548921,-71.636708,Maracaibo,42bb6314-2472-4586-9d2b-133a72a3a454,2026-07-15T14:34:44Z
8064fdcb-8a18-4b65-b8ef-6f7524f7bccf,1,10.260610,-67.793480,SAN JOAQUIN,42bb6314-2472-4586-9d2b-133a72a3a454,2026-07-15T14:34:44Z
af33df75-2961-46e4-9bdf-742e67854687,2,10.642320,-71.610890,MARACAIBO,42bb6314-2472-4586-9d2b-133a72a3a454,2026-07-15T14:34:44Z
dbb5a21f-268e-461b-b997-cae8b67f022f,3,10.325800,-72.313430,VILLA DEL ROSARIO,42bb6314-2472-4586-9d2b-133a72a3a454,2026-07-15T14:34:44Z
f20f8356-31fd-4972-a2c0-bf478309cd2f,0,10.548921,-71.636708,Maracaibo,474a01c8-7453-4183-a555-836ec046abcc,2026-07-15T14:34:44Z
78fe2cf4-7276-46bc-a574-11e80c656c70,1,10.260610,-67.793480,SAN JOAQUIN,474a01c8-7453-4183-a555-836ec046abcc,2026-07-15T14:34:44Z
0cd27eac-d112-475f-9fe5-de478dfb9b8e,2,10.060770,-72.552120,MACHIQUES,474a01c8-7453-4183-a555-836ec046abcc,2026-07-15T14:34:44Z
ba41515f-ee90-46e5-8e19-ebb321ca7ca1,0,10.548921,-71.636708,Maracaibo,48a03912-fa31-4035-9b96-738a2965e8f4,2026-07-15T14:34:39Z
99894653-1fe6-41b0-b2be-e7eb03b7a041,1,10.062813,-69.316818,BARQUISIMETO,48a03912-fa31-4035-9b96-738a2965e8f4,2026-07-15T14:34:39Z
c12ee2f4-9e44-4fb9-aa4f-d9695f725dfc,0,10.548921,-71.636708,Maracaibo,48dfc607-6eed-48d3-9919-d2aedbffe1c2,2026-07-15T14:34:44Z
f7b456e7-414b-4018-a47c-6089eaa6b2da,1,9.962090,-71.123770,BACHAQUERO,48dfc607-6eed-48d3-9919-d2aedbffe1c2,2026-07-15T14:34:44Z
6f0a4d30-df7c-421d-a5e6-1f2c81b65312,2,10.260610,-67.793480,SAN JOAQUIN,48dfc607-6eed-48d3-9919-d2aedbffe1c2,2026-07-15T14:34:44Z
6fbb9882-8277-4483-b1d0-984d2be2efe1,3,10.060770,-72.552120,MACHIQUES,48dfc607-6eed-48d3-9919-d2aedbffe1c2,2026-07-15T14:34:44Z
f9fd64f2-7036-4182-945e-84554905ad63,0,10.548921,-71.636708,Maracaibo,499ba0e6-a00b-4ac8-8d14-c0480b22f707,2026-07-15T14:34:44Z
ec4b6f80-c370-48b7-9418-a770e9b841a9,1,10.159510,-68.894530,CHIVACOA,499ba0e6-a00b-4ac8-8d14-c0480b22f707,2026-07-15T14:34:44Z
35f8c630-1243-4e91-8676-7ab0bae2976a,2,10.642320,-71.610890,PTO MCBO,499ba0e6-a00b-4ac8-8d14-c0480b22f707,2026-07-15T14:34:44Z
3a5ffbcf-cd00-4e7a-bde5-d7a2ef75dca7,0,10.548921,-71.636708,Maracaibo,4a4cf7b0-aa20-4950-957f-5df8fa8a85d2,2026-07-15T14:34:44Z
97e1ae5c-b354-4719-bde2-a529c8ed2c9d,1,10.814720,-71.755280,NUEVA LUCHA,4a4cf7b0-aa20-4950-957f-5df8fa8a85d2,2026-07-15T14:34:44Z
2d48bfe4-3cd9-4604-b5b9-d00c0e999637,2,10.260610,-67.793480,SAN JOAQUIN,4a4cf7b0-aa20-4950-957f-5df8fa8a85d2,2026-07-15T14:34:44Z
5a4ebec1-f844-4c4c-aebc-b996b9f16e40,0,10.548921,-71.636708,Maracaibo,4b5848c0-979b-4aa4-b621-dc1ce0a0db9a,2026-07-15T14:34:44Z
b0c49192-7800-488a-a660-f435a2218f65,1,10.605930,-71.829550,LA CONCEPCION,4b5848c0-979b-4aa4-b621-dc1ce0a0db9a,2026-07-15T14:34:44Z
929f82f7-e7cb-4bab-89d3-0df99f517778,2,10.340190,-68.745310,YARACUY,4b5848c0-979b-4aa4-b621-dc1ce0a0db9a,2026-07-15T14:34:44Z
aa2c42ae-faba-4cee-9685-f14edba191ac,0,10.548921,-71.636708,Maracaibo,53ed1bba-3aed-446f-8f4d-75f7605fc626,2026-07-15T14:34:39Z
7184e219-702f-46c0-a9c9-100c8e0a7492,1,10.259911,-67.802252,SAN JOAQUIN,53ed1bba-3aed-446f-8f4d-75f7605fc626,2026-07-15T14:34:39Z
b14797b4-de69-44e5-8aa4-b7506513cdab,0,10.548921,-71.636708,Maracaibo,59d3c236-4a58-4192-977f-75a1a89ffea2,2026-07-15T14:34:44Z
7a640b36-b44f-4744-8e66-6407f87f97c4,1,10.031350,-67.493370,LA VILLA,59d3c236-4a58-4192-977f-75a1a89ffea2,2026-07-15T14:34:44Z
454aad29-22b4-4329-989c-82edb1b048d2,2,10.340190,-68.745310,YARACUY,59d3c236-4a58-4192-977f-75a1a89ffea2,2026-07-15T14:34:44Z
55c0c0f4-3d03-4b2a-9043-dd3e6f2c32db,0,10.548921,-71.636708,Maracaibo,606f280b-e2e2-4685-a664-619803e838bc,2026-07-15T14:34:39Z
bb22d718-020a-4044-84f4-647812ee394e,1,8.620621,-70.231068,BARINAS,606f280b-e2e2-4685-a664-619803e838bc,2026-07-15T14:34:39Z
3f9c2348-2e78-4b11-bd8f-521a80dd0bb2,0,10.548921,-71.636708,Maracaibo,60890a10-dff7-4b7b-91a1-5fb23b55da86,2026-07-15T14:34:44Z
8fda14fe-599b-4a49-ad14-711f97e49f53,1,10.159510,-68.894530,CHIVACOA,60890a10-dff7-4b7b-91a1-5fb23b55da86,2026-07-15T14:34:44Z
6794be77-9dad-40e8-a0e7-c8db91d5ed0d,2,10.487150,-68.200780,MORON,60890a10-dff7-4b7b-91a1-5fb23b55da86,2026-07-15T14:34:44Z
5035131d-8f76-407e-8ec7-a9e5a372415f,3,10.399070,-71.452060,CABIMAS,60890a10-dff7-4b7b-91a1-5fb23b55da86,2026-07-15T14:34:44Z
c5a1cf53-bbe1-42a5-b7eb-51e495656756,0,10.548921,-71.636708,Maracaibo,61556958-a618-40a3-a61e-03a4c2d37b70,2026-07-15T14:34:44Z
dbf7cd1d-d6d7-48c5-b61a-be781d69ad5e,1,10.259910,-67.802250,LOS PUERTOS,61556958-a618-40a3-a61e-03a4c2d37b70,2026-07-15T14:34:44Z
b8100354-cc80-41cd-b415-a46b6c1e1df0,2,8.614430,-71.655470,VIGIA,61556958-a618-40a3-a61e-03a4c2d37b70,2026-07-15T14:34:44Z
7c3c6546-6c8c-4413-acef-cbee5fc1b7c6,0,10.548921,-71.636708,Maracaibo,62c72e8e-3816-4e67-94c3-f05cce2422b8,2026-07-15T14:34:44Z
dc37af8f-a657-4a33-b9dc-636928220402,1,10.259910,-67.802250,LOS PUERTOS,62c72e8e-3816-4e67-94c3-f05cce2422b8,2026-07-15T14:34:44Z
6effe758-1cf0-41a5-83a6-21a6af889a08,2,11.691520,-70.199180,PUNTO FIJO,62c72e8e-3816-4e67-94c3-f05cce2422b8,2026-07-15T14:34:44Z
23487869-805e-436f-aadd-3d8f3fc4fb27,0,10.548921,-71.636708,Maracaibo,66f151d6-3a04-488f-be5c-2854a8973a15,2026-07-15T14:34:44Z
2e2c86bc-761f-45fe-99a8-5e8907b37753,1,10.591720,-71.652340,MCBO SUR,66f151d6-3a04-488f-be5c-2854a8973a15,2026-07-15T14:34:44Z
335d7a4c-8e0a-4bcb-acb0-627b684f4501,2,10.260610,-67.793480,SAN JOAQUIN,66f151d6-3a04-488f-be5c-2854a8973a15,2026-07-15T14:34:44Z
2bfe6a1a-6c16-4a42-a73e-08e8d603f185,0,10.548921,-71.636708,Maracaibo,68ba5a68-b4ea-4156-a404-a2420bb5f9ac,2026-07-15T14:34:44Z
f039303e-0a19-4632-ab17-e29ab3457933,1,10.259910,-67.802250,LOS PUERTOS,68ba5a68-b4ea-4156-a404-a2420bb5f9ac,2026-07-15T14:34:44Z
8a117ba1-aadc-461a-8467-4dadf980d3a3,2,10.340190,-68.745310,YARACUY,68ba5a68-b4ea-4156-a404-a2420bb5f9ac,2026-07-15T14:34:44Z
1bf3a646-b626-48fb-9295-80e21b040bcd,0,10.548921,-71.636708,Maracaibo,6a5e527e-aac4-46b5-8eec-74f0b1a83bf8,2026-07-15T14:34:44Z
f7b15cd4-6dfb-4b7d-aaaa-72ac8e026611,1,10.186340,-67.459350,CD ARAGUA,6a5e527e-aac4-46b5-8eec-74f0b1a83bf8,2026-07-15T14:34:44Z
997ad44b-3132-400c-b7f4-d60783f51308,2,10.260610,-67.793480,SAN JOAQUIN,6a5e527e-aac4-46b5-8eec-74f0b1a83bf8,2026-07-15T14:34:44Z
094d27e5-fb5a-4fb9-b889-89aa210fd593,3,10.031350,-67.493370,LA VILLA,6a5e527e-aac4-46b5-8eec-74f0b1a83bf8,2026-07-15T14:34:44Z
a6cc8657-1fb6-42a6-84df-eed6008df9e4,0,10.548921,-71.636708,Maracaibo,6d7c555a-2d0a-48b4-85e8-835e425a6ef0,2026-07-15T14:34:44Z
4ee53e73-c8ea-42c5-b40b-739a1b4edec1,1,10.605930,-71.829550,LA CONCEPCION,6d7c555a-2d0a-48b4-85e8-835e425a6ef0,2026-07-15T14:34:44Z
b3a79d4f-ed0f-4548-a58e-3aa942a37003,2,10.260610,-67.793480,SAN JOAQUIN,6d7c555a-2d0a-48b4-85e8-835e425a6ef0,2026-07-15T14:34:44Z
52f13cb0-62a9-493a-b7c4-1411bfcbc0e0,0,10.548921,-71.636708,Maracaibo,70ef3e75-b0ea-42b6-9de1-c7a80addcfd6,2026-07-15T14:34:44Z
b59579ce-0226-4c52-8039-43c95d09f522,1,10.260610,-67.793480,SAN JOAQUIN,70ef3e75-b0ea-42b6-9de1-c7a80addcfd6,2026-07-15T14:34:44Z
e527930c-047f-4de0-8a5e-529458df8327,2,10.159510,-68.894530,CHIVACOA,70ef3e75-b0ea-42b6-9de1-c7a80addcfd6,2026-07-15T14:34:44Z
990210ed-1ad4-4dc9-a2f2-23eb23f20f3e,0,10.548921,-71.636708,Maracaibo,7867e770-fa86-4df6-b5f4-7b292b53c9da,2026-07-15T14:34:44Z
5be35d52-5d06-4667-94e5-61d7216875cc,1,11.691520,-70.199180,PUNTO FIJO,7867e770-fa86-4df6-b5f4-7b292b53c9da,2026-07-15T14:34:44Z
ed1fc147-d949-422e-8d0a-87650cf2c77e,2,10.060770,-72.552120,MACHIQUES,7867e770-fa86-4df6-b5f4-7b292b53c9da,2026-07-15T14:34:44Z
1610899c-c6b4-49cf-8f21-f8101c619554,0,10.548921,-71.636708,Maracaibo,7a630b21-2a8b-435c-99af-7a3ffa743aa2,2026-07-15T14:34:44Z
cb4c838b-ee35-4ecd-9786-d2fdd58f019f,1,10.138400,-64.687690,BARCELONA,7a630b21-2a8b-435c-99af-7a3ffa743aa2,2026-07-15T14:34:44Z
97078e6e-7ee6-47bf-bb4d-aaa542d801ed,2,10.260610,-67.793480,SAN JOAQUIN,7a630b21-2a8b-435c-99af-7a3ffa743aa2,2026-07-15T14:34:44Z
2e20e120-76f9-4262-9d4e-4876fb07a010,0,10.548921,-71.636708,Maracaibo,7b4b5f64-fe89-468b-bcbd-b8cf43d55570,2026-07-15T14:34:44Z
db2f2c62-2cfe-47e7-9676-58867c3c370a,1,10.186340,-67.459350,CD ARAGUA,7b4b5f64-fe89-468b-bcbd-b8cf43d55570,2026-07-15T14:34:44Z
01f55e90-a407-4d51-903f-4484cf97a510,2,10.159510,-68.894530,CHIVACOA,7b4b5f64-fe89-468b-bcbd-b8cf43d55570,2026-07-15T14:34:44Z
58148b6a-2735-413c-9024-152146af1f96,0,10.548921,-71.636708,Maracaibo,855b1b25-81af-49d5-af1a-e09fda2e4282,2026-07-15T14:34:44Z
bfca80f1-0937-44d5-99c8-c4a9ad2a02d3,1,10.031350,-67.493370,LA VILLA,855b1b25-81af-49d5-af1a-e09fda2e4282,2026-07-15T14:34:44Z
c3fcc81d-a7f2-41d8-87ba-c640af2bca12,2,10.340190,-68.745310,YARACUY,855b1b25-81af-49d5-af1a-e09fda2e4282,2026-07-15T14:34:44Z
205f2453-003c-4da6-98ab-bd61f5fd97f4,3,10.159510,-68.894530,CHIVACOA,855b1b25-81af-49d5-af1a-e09fda2e4282,2026-07-15T14:34:44Z
911d465b-deaf-4d76-96bf-017c633d8ac0,0,10.548921,-71.636708,Maracaibo,87bea8f2-460d-42f8-99ea-c7b40065ba69,2026-07-15T14:34:44Z
4448f14c-b720-4963-9635-7e910fd1a2c1,1,10.159510,-68.894530,CHIVACOA,87bea8f2-460d-42f8-99ea-c7b40065ba69,2026-07-15T14:34:44Z
38e66d91-51c0-4d69-b0aa-cf70f70e3e18,2,10.228560,-67.474210,TURMERO,87bea8f2-460d-42f8-99ea-c7b40065ba69,2026-07-15T14:34:44Z
8f086adb-5e42-4b49-9e37-9389018d8330,0,10.548921,-71.636708,Maracaibo,88ea64f1-feb6-4b74-82ac-e61271026f01,2026-07-15T14:34:44Z
a8d37368-a6eb-46f3-b913-315dc4c7bc20,1,10.340190,-68.745310,YARACUY,88ea64f1-feb6-4b74-82ac-e61271026f01,2026-07-15T14:34:44Z
b686b19c-64b8-4916-94a4-d71abb3c5cc2,2,10.031350,-67.493370,LA VILLA,88ea64f1-feb6-4b74-82ac-e61271026f01,2026-07-15T14:34:44Z
ce9c9990-906e-418f-8ab3-ea458b1c5525,0,10.548921,-71.636708,Maracaibo,891f8810-0650-4570-bf86-24d4a69c4fdf,2026-07-15T14:34:39Z
88d73fca-04c6-4d92-944c-edb960049c84,1,10.339389,-68.810885,YARACUY,891f8810-0650-4570-bf86-24d4a69c4fdf,2026-07-15T14:34:39Z
5711c0aa-5b8f-4b77-81a3-c8286a88df52,0,10.548921,-71.636708,Maracaibo,921eedf8-fcbd-4d95-90ea-f467c41d35d0,2026-07-15T14:34:39Z
466b3d99-e2e9-4122-8459-87885fe74406,1,9.037128,-69.728693,GUANARE,921eedf8-fcbd-4d95-90ea-f467c41d35d0,2026-07-15T14:34:39Z
60b041ab-0501-4c26-bdd2-7095de63bac8,0,10.548921,-71.636708,Maracaibo,945c8863-7faf-4b4c-a8bc-4423866d0879,2026-07-15T14:34:39Z
9ba71c39-0ffc-4e5f-84b1-1b733104be5d,1,9.550365,-69.180471,ACARIGUA,945c8863-7faf-4b4c-a8bc-4423866d0879,2026-07-15T14:34:39Z
c94db1b4-d61d-4f64-a404-f0572deec19e,0,10.548921,-71.636708,Maracaibo,94dfd083-8787-42ac-8559-1b3202209241,2026-07-15T14:34:44Z
29fc9cd2-a86e-4a7c-94ea-b2501b45c247,1,10.045960,-64.753240,LOS POTOCOS,94dfd083-8787-42ac-8559-1b3202209241,2026-07-15T14:34:44Z
4d2154df-64bf-4391-bb71-a1a0b510ce70,2,10.159510,-68.894530,CHIVACOA,94dfd083-8787-42ac-8559-1b3202209241,2026-07-15T14:34:44Z
61045893-f6e8-4001-8e28-b612b3ebb2a8,0,10.548921,-71.636708,Maracaibo,9c193e39-6aba-43db-91ce-46e2a437eb24,2026-07-15T14:34:44Z
e261467c-cedb-4713-b6bc-7eee48f19e49,1,10.260610,-67.793480,SAN JOAQUIN,9c193e39-6aba-43db-91ce-46e2a437eb24,2026-07-15T14:34:44Z
0a456bd7-9dc5-41b7-84b5-4522464194c4,2,10.159510,-68.894530,CHIVACOA,9c193e39-6aba-43db-91ce-46e2a437eb24,2026-07-15T14:34:44Z
fe5fe7a9-cf5e-4b84-b028-5e2e69605c8a,3,10.060770,-72.552120,MACHIQUES,9c193e39-6aba-43db-91ce-46e2a437eb24,2026-07-15T14:34:44Z
a2ecc1cf-47a6-449a-9c0f-77226df9d970,0,10.548921,-71.636708,Maracaibo,9d1f1f21-17cc-45f7-b59f-e12c560a7fe4,2026-07-15T14:34:44Z
a785c20a-da88-47a4-b14c-c4502010efbe,1,10.159510,-68.894530,CHIVACOA,9d1f1f21-17cc-45f7-b59f-e12c560a7fe4,2026-07-15T14:34:44Z
7e7bd92e-2f0b-4b08-bdcc-6d5e84564303,2,10.228560,-67.474210,TURMERO,9d1f1f21-17cc-45f7-b59f-e12c560a7fe4,2026-07-15T14:34:44Z
2354fcf2-ec0c-42b7-9a4f-4222ba3baa94,3,10.399070,-71.452060,CABIMAS,9d1f1f21-17cc-45f7-b59f-e12c560a7fe4,2026-07-15T14:34:44Z
67812952-5137-4e15-bd4b-4a1ca4c3304b,0,10.548921,-71.636708,Maracaibo,9ead08ab-7ec1-4321-b2b8-b6680e2a719d,2026-07-15T14:34:44Z
bbaa5d1d-9ab9-4d2d-8dc1-2d06201ae647,1,10.251920,-67.799170,CHUTO,9ead08ab-7ec1-4321-b2b8-b6680e2a719d,2026-07-15T14:34:44Z
2d8321e5-6d37-44e4-8f2e-a970729591bf,2,10.260610,-67.793480,SAN JOAQUIN,9ead08ab-7ec1-4321-b2b8-b6680e2a719d,2026-07-15T14:34:44Z
0f6c3e1a-3f3b-4b32-90c2-2f82f6a1a001,,10.490500,-66.875200,Punto 1,9f1b2c3d-4e5f-6a7b-8c9d-0e1f2a3b4c5d,2026-02-15T08:00:00Z
0f6c3e1a-3f3b-4b32-90c2-2f82f6a1a002,,10.465800,-66.920400,Punto 2,9f1b2c3d-4e5f-6a7b-8c9d-0e1f2a3b4c5d,2026-02-15T08:05:00Z
0f6c3e1a-3f3b-4b32-90c2-2f82f6a1a003,,10.410200,-66.980600,Punto 3,9f1b2c3d-4e5f-6a7b-8c9d-0e1f2a3b4c5d,2026-02-15T08:10:00Z
0f6c3e1a-3f3b-4b32-90c2-2f82f6a1a004,,10.350900,-67.040800,Punto 4,9f1b2c3d-4e5f-6a7b-8c9d-0e1f2a3b4c5d,2026-02-15T08:15:00Z
0f6c3e1a-3f3b-4b32-90c2-2f82f6a1a005,,10.305400,-67.090100,Punto 5,9f1b2c3d-4e5f-6a7b-8c9d-0e1f2a3b4c5d,2026-02-15T08:20:00Z
9a32cdfe-9d3f-4be6-8cc4-611fbc66fc2a,0,10.548921,-71.636708,Maracaibo,a10d35f3-f9c1-4690-994d-e4bbbf9b5c35,2026-07-15T14:34:39Z
b76d1e9a-e79e-4a1a-8bfa-d3089411874e,1,11.487978,-69.503929,TARATARA FALCON,a10d35f3-f9c1-4690-994d-e4bbbf9b5c35,2026-07-15T14:34:39Z
c72eeddb-f670-4631-94df-39126a43f331,0,10.548921,-71.636708,Maracaibo,a114f757-d0a4-403c-88ba-9335c31862a9,2026-07-15T14:34:39Z
751a0d14-2346-47eb-ae28-f7185fabf39a,1,10.339389,-68.810885,YACACUY,a114f757-d0a4-403c-88ba-9335c31862a9,2026-07-15T14:34:39Z
2a9f88d4-65fb-4b4e-8a0b-9c5b5c2c2001,,10.220400,-64.625900,Punto 1,a1b2c3d4-e5f6-7a8b-9c0d-1e2f3a4b5c6d,2026-02-15T09:00:00Z
2a9f88d4-65fb-4b4e-8a0b-9c5b5c2c2002,,10.180700,-64.690300,Punto 2,a1b2c3d4-e5f6-7a8b-9c0d-1e2f3a4b5c6d,2026-02-15T09:05:00Z
2a9f88d4-65fb-4b4e-8a0b-9c5b5c2c2003,,10.120600,-64.760800,Punto 3,a1b2c3d4-e5f6-7a8b-9c0d-1e2f3a4b5c6d,2026-02-15T09:10:00Z
2a9f88d4-65fb-4b4e-8a0b-9c5b5c2c2004,,10.060200,-64.820900,Punto 4,a1b2c3d4-e5f6-7a8b-9c0d-1e2f3a4b5c6d,2026-02-15T09:15:00Z
2a9f88d4-65fb-4b4e-8a0b-9c5b5c2c2005,,10.000300,-64.890100,Punto 5,a1b2c3d4-e5f6-7a8b-9c0d-1e2f3a4b5c6d,2026-02-15T09:20:00Z
0332b632-3449-4fb4-a50e-4a765ef6d8a0,0,10.548921,-71.636708,Maracaibo,a29883dd-3512-4abc-98e6-775c60ff3e7b,2026-07-15T14:34:44Z
2ba0de43-a609-4e3a-9fc1-d1b5fea615f8,1,10.681600,-71.036400,MENE MAUROA,a29883dd-3512-4abc-98e6-775c60ff3e7b,2026-07-15T14:34:44Z
7d44da45-37f2-4a02-a5e1-ce0fb0c3a590,2,10.340190,-68.745310,YARACUY,a29883dd-3512-4abc-98e6-775c60ff3e7b,2026-07-15T14:34:44Z
f66b8aa0-c5fa-45a1-bbaa-7ca4d4716227,0,10.548921,-71.636708,Maracaibo,a2a60e66-f151-4830-89af-17d70379bbb9,2026-07-15T14:34:44Z
ba09e27b-e6f2-480b-bee2-5c43345ea91d,1,10.260610,-67.793480,SAN JOAQUIN,a2a60e66-f151-4830-89af-17d70379bbb9,2026-07-15T14:34:44Z
673546c2-2dcc-49d1-9511-6b703034f1c6,2,10.254310,-67.788010,OCCICARGA,a2a60e66-f151-4830-89af-17d70379bbb9,2026-07-15T14:34:44Z
b738d54e-3af7-4289-b1a8-faf7ef3cffb5,0,10.548921,-71.636708,Maracaibo,a38ead7b-40ea-48d5-b13e-37d32abb4d78,2026-07-15T14:34:44Z
93b9147e-7b83-474d-bfe8-bcd711226116,1,10.476720,-66.960690,YAGUARA,a38ead7b-40ea-48d5-b13e-37d32abb4d78,2026-07-15T14:34:44Z
bab8421b-9166-4881-b810-35258ccf8bd3,2,10.159510,-68.894530,CHIVACOA,a38ead7b-40ea-48d5-b13e-37d32abb4d78,2026-07-15T14:34:44Z
f07fda4e-7971-4b9e-828d-57e3d237f4e0,0,10.548921,-71.636708,Maracaibo,a56bcf6c-4737-44d8-bc03-629912e2643f,2026-07-15T14:34:44Z
9733cfc5-05b4-4005-bb00-caee29013deb,1,10.162840,-68.000560,VALENCIA,a56bcf6c-4737-44d8-bc03-629912e2643f,2026-07-15T14:34:44Z
fc812368-c6cd-4941-8f9b-eb5e268fe33f,2,10.260610,-67.793480,SAN JOAQUIN,a56bcf6c-4737-44d8-bc03-629912e2643f,2026-07-15T14:34:44Z
a2f9d164-5242-4d2f-ab27-3854380df1c8,0,10.548921,-71.636708,Maracaibo,a63d7e17-7090-41d0-89cb-8d3d9756ab9c,2026-07-15T14:34:44Z
a13999e7-68ab-4f5c-8a2d-0ae91017fcb5,1,10.173830,-68.258920,BEJUMA,a63d7e17-7090-41d0-89cb-8d3d9756ab9c,2026-07-15T14:34:44Z
5f504265-f09e-4836-9e63-b8b700ac8b49,2,10.260610,-67.793480,SAN JOAQUIN,a63d7e17-7090-41d0-89cb-8d3d9756ab9c,2026-07-15T14:34:44Z
8dae9431-f157-44f8-8360-00381c7ffd47,0,10.548921,-71.636708,Maracaibo,a9cbb131-3e32-430e-a01e-74e3d2cbcc15,2026-07-15T14:34:44Z
79152a62-af64-4ae9-a08f-2172128d2fdf,1,10.260610,-67.793480,SAN JOAQUIN,a9cbb131-3e32-430e-a01e-74e3d2cbcc15,2026-07-15T14:34:44Z
f55d5b86-91ab-4e25-a854-375e5c1f6ecd,2,10.254310,-67.788010,POLAR 2,a9cbb131-3e32-430e-a01e-74e3d2cbcc15,2026-07-15T14:34:44Z
ff6c1943-cc84-45b3-ad8d-da74cada25b9,3,10.260610,-67.793480,SAN JOAQUIN,a9cbb131-3e32-430e-a01e-74e3d2cbcc15,2026-07-15T14:34:44Z
46ba2234-4908-4d05-9d35-c5214c874bce,0,10.548921,-71.636708,Maracaibo,aa84f200-534f-4350-bf93-f2af0b165f6a,2026-07-15T14:34:44Z
46812687-f99c-45a5-9e64-5372d6db49c5,1,10.138400,-64.687690,BARCELONA,aa84f200-534f-4350-bf93-f2af0b165f6a,2026-07-15T14:34:44Z
31448c46-de0f-422f-8100-417660652d97,2,10.283100,-66.375910,CAUCAGUA,aa84f200-534f-4350-bf93-f2af0b165f6a,2026-07-15T14:34:44Z
5b467c0b-3a9e-437f-a709-96c46d99d75a,3,10.642320,-71.610890,MCBO,aa84f200-534f-4350-bf93-f2af0b165f6a,2026-07-15T14:34:44Z
98b86eb5-24ae-4113-bd28-bf96e2da709e,0,10.548921,-71.636708,Maracaibo,ac9f2f49-cfe6-4677-8950-1e3e69a6b201,2026-07-15T14:34:44Z
07563ae0-0d6e-4100-a737-f99f4857b36f,1,10.060770,-72.552120,MACHIQUES,ac9f2f49-cfe6-4677-8950-1e3e69a6b201,2026-07-15T14:34:44Z
c9c5a11b-792b-4313-b875-b31157fb2f0d,2,10.260610,-67.793480,SAN JOAQUIN,ac9f2f49-cfe6-4677-8950-1e3e69a6b201,2026-07-15T14:34:44Z
e5ddb658-e330-4072-bf5d-7b5a09d3477e,3,10.060770,-72.552120,MACHIQUES,ac9f2f49-cfe6-4677-8950-1e3e69a6b201,2026-07-15T14:34:44Z
d22be65b-b94f-4a64-bb7c-83ec9506a8ee,0,10.548921,-71.636708,Maracaibo,aefa7a3e-ec7c-4c37-84f7-ee073b5f04dc,2026-07-15T14:34:39Z
a9ad8f67-14c3-4a11-b665-4eccb62942ed,1,10.144569,-64.677680,BARCELONA,aefa7a3e-ec7c-4c37-84f7-ee073b5f04dc,2026-07-15T14:34:39Z
3b7a2d1f-8c8b-4d8a-8f7b-5dbd3a3b3001,,10.635100,-71.630300,Punto 1,b2c3d4e5-f6a7-8b9c-0d1e-2f3a4b5c6d7e,2026-02-15T10:00:00Z
3b7a2d1f-8c8b-4d8a-8f7b-5dbd3a3b3002,,10.580700,-71.690800,Punto 2,b2c3d4e5-f6a7-8b9c-0d1e-2f3a4b5c6d7e,2026-02-15T10:05:00Z
3b7a2d1f-8c8b-4d8a-8f7b-5dbd3a3b3003,,10.520400,-71.740600,Punto 3,b2c3d4e5-f6a7-8b9c-0d1e-2f3a4b5c6d7e,2026-02-15T10:10:00Z
3b7a2d1f-8c8b-4d8a-8f7b-5dbd3a3b3004,,10.470600,-71.800200,Punto 4,b2c3d4e5-f6a7-8b9c-0d1e-2f3a4b5c6d7e,2026-02-15T10:15:00Z
3b7a2d1f-8c8b-4d8a-8f7b-5dbd3a3b3005,,10.420100,-71.860900,Punto 5,b2c3d4e5-f6a7-8b9c-0d1e-2f3a4b5c6d7e,2026-02-15T10:20:00Z
83d81699-3331-407b-9e55-7b3d5ef60995,0,10.548921,-71.636708,Maracaibo,b3085865-7d81-4c0e-8a88-257bb58a700e,2026-07-15T14:34:44Z
21b55afe-ae40-4ef7-a988-c53fa92b1d25,1,10.045960,-64.753240,LOS POTOCOS,b3085865-7d81-4c0e-8a88-257bb58a700e,2026-07-15T14:34:44Z
f8a0c93b-2886-4c6b-9398-bbee2825056c,2,10.260610,-67.793480,SAN JOAQUIN,b3085865-7d81-4c0e-8a88-257bb58a700e,2026-07-15T14:34:44Z
4898e579-15b0-4116-b745-a463ccdc1fb9,0,10.548921,-71.636708,Maracaibo,b4d7c997-0ba0-470a-a90c-3d6bee816dc7,2026-07-15T14:34:44Z
5017dbae-a755-46ea-94b9-ac942d101cb9,1,9.911250,-67.071110,SAN JACINTO,b4d7c997-0ba0-470a-a90c-3d6bee816dc7,2026-07-15T14:34:44Z
54fe1c67-dea3-40fc-b0c6-77396bd4c3d0,2,10.260610,-67.793480,SAN JOAQUIN,b4d7c997-0ba0-470a-a90c-3d6bee816dc7,2026-07-15T14:34:44Z
48831353-f8e9-4eda-bd92-40a1613d82fc,3,9.911250,-67.071110,SAN JACINTO,b4d7c997-0ba0-470a-a90c-3d6bee816dc7,2026-07-15T14:34:44Z
f0b224a0-8cb3-4ab0-86a3-110b6e45c023,0,10.548921,-71.636708,Maracaibo,b520ab86-6110-4243-bbc1-a6222ff7e200,2026-07-15T14:34:39Z
836ed224-c266-435d-bde4-dc5eb64aed26,1,10.050217,-64.759325,LOS POTOCOS,b520ab86-6110-4243-bbc1-a6222ff7e200,2026-07-15T14:34:39Z
6bb14eae-e12e-44de-b23a-31c702398dee,0,10.548921,-71.636708,Maracaibo,b6ed36c5-0249-4aff-9190-e03a5d7e0f36,2026-07-15T14:34:39Z
c01496df-fcac-4869-8814-1dd659e8ff18,1,10.476721,-66.960686,YAGUARA,b6ed36c5-0249-4aff-9190-e03a5d7e0f36,2026-07-15T14:34:39Z
400f448c-6a6b-4cac-8fd8-03986d02679d,0,10.548921,-71.636708,Maracaibo,b7debb78-330c-43d1-b34c-69507a89227c,2026-07-15T14:34:44Z
e7531496-bfde-4e92-9fdd-c32f4e1980dd,1,10.159510,-68.894530,CHIVACOA,b7debb78-330c-43d1-b34c-69507a89227c,2026-07-15T14:34:44Z
2125544d-8dc5-4785-9a4a-f53a7dfab10a,2,10.162840,-68.000560,VALENCIA,b7debb78-330c-43d1-b34c-69507a89227c,2026-07-15T14:34:44Z
63271868-dcbc-4d43-8ee1-90c197303091,0,10.548921,-71.636708,Maracaibo,b7ebac91-5112-45c0-87c8-fd0fc4296925,2026-07-15T14:34:44Z
14e4f9a2-08c4-4842-b8ca-0f11302511d0,1,8.614430,-71.655470,VIGIA,b7ebac91-5112-45c0-87c8-fd0fc4296925,2026-07-15T14:34:44Z
8e9036e3-323b-4498-8cd2-430808f707d7,2,10.031350,-67.493370,LA VILLA,b7ebac91-5112-45c0-87c8-fd0fc4296925,2026-07-15T14:34:44Z
5ac848ef-90c4-488e-985d-1c783a92576e,0,10.548921,-71.636708,Maracaibo,bfaeefef-d43a-4efb-bd44-0a19f67d9ae0,2026-07-15T14:34:39Z
e24bd787-2173-4280-884b-43e076acba5e,1,9.430253,-70.526493,TRUJILLO,bfaeefef-d43a-4efb-bd44-0a19f67d9ae0,2026-07-15T14:34:39Z
20271c60-cf23-48bb-b771-5913959ce1cd,0,10.548921,-71.636708,Maracaibo,c00df9ee-6c0f-4993-bc42-6b2e54392ba3,2026-07-15T14:34:39Z
c784916e-23ae-46e8-92af-39c217f295bb,1,11.711511,-70.181302,PTO FIJO,c00df9ee-6c0f-4993-bc42-6b2e54392ba3,2026-07-15T14:34:39Z
97cc9f00-7b82-47ce-a5ba-870219d1f5b1,0,10.548921,-71.636708,Maracaibo,c1f1dbc5-ee46-421a-94ac-324e18c73d1d,2026-07-15T14:34:44Z
b14522fc-74e0-488f-8478-7c07eb65b7d3,1,9.365800,-70.434100,TRUJILLO,c1f1dbc5-ee46-421a-94ac-324e18c73d1d,2026-07-15T14:34:44Z
0694e611-0dfc-4126-a9d4-0e111844785c,2,10.605930,-71.829550,LA CONCEPCION,c1f1dbc5-ee46-421a-94ac-324e18c73d1d,2026-07-15T14:34:44Z
69ee61d9-ea52-449b-aba8-32a360d5b2a5,0,10.548921,-71.636708,Maracaibo,c254203e-ad74-4d48-8c4d-7aa668f5f5b3,2026-07-15T14:34:44Z
3b482e68-cf43-46ae-997b-862fb41c731e,1,10.340190,-68.745310,YARACUY,c254203e-ad74-4d48-8c4d-7aa668f5f5b3,2026-07-15T14:34:44Z
6f9031cc-25a3-4ddc-85f3-192506e2e67c,2,10.159510,-68.894530,CHIVACOA,c254203e-ad74-4d48-8c4d-7aa668f5f5b3,2026-07-15T14:34:44Z
93cc2431-532a-408a-aa95-3afdf3613fbb,0,10.548921,-71.636708,Maracaibo,c3cffb56-2486-4594-9823-f9b453d51773,2026-07-15T14:34:44Z
a1554d99-1e9b-4ecd-9135-b3904c4e4b92,1,10.186340,-67.459350,CD ARAGUA,c3cffb56-2486-4594-9823-f9b453d51773,2026-07-15T14:34:44Z
691df0e0-a529-499d-bee5-ee113f9d9c53,2,10.162840,-68.000560,VALENCIA,c3cffb56-2486-4594-9823-f9b453d51773,2026-07-15T14:34:44Z
4c5d6e7f-9012-4a3b-8c9d-0e1f2a3b4001,,7.770200,-72.220300,Punto 1,c3d4e5f6-a7b8-9c0d-1e2f-3a4b5c6d7e8f,2026-02-15T11:00:00Z
4c5d6e7f-9012-4a3b-8c9d-0e1f2a3b4002,,7.720400,-72.300500,Punto 2,c3d4e5f6-a7b8-9c0d-1e2f-3a4b5c6d7e8f,2026-02-15T11:05:00Z
4c5d6e7f-9012-4a3b-8c9d-0e1f2a3b4003,,7.660100,-72.380800,Punto 3,c3d4e5f6-a7b8-9c0d-1e2f-3a4b5c6d7e8f,2026-02-15T11:10:00Z
4c5d6e7f-9012-4a3b-8c9d-0e1f2a3b4004,,7.600300,-72.460600,Punto 4,c3d4e5f6-a7b8-9c0d-1e2f-3a4b5c6d7e8f,2026-02-15T11:15:00Z
4c5d6e7f-9012-4a3b-8c9d-0e1f2a3b4005,,7.540500,-72.540200,Punto 5,c3d4e5f6-a7b8-9c0d-1e2f-3a4b5c6d7e8f,2026-02-15T11:20:00Z
18b1509e-6ec6-4d4c-8ada-db5c41cdc2da,0,10.548921,-71.636708,Maracaibo,c4727205-2491-4f62-a6e4-207859fb07f9,2026-07-15T14:34:44Z
2be57783-1971-4815-b501-32b08b624a42,1,10.060770,-72.552120,MACHIQUES,c4727205-2491-4f62-a6e4-207859fb07f9,2026-07-15T14:34:44Z
31dfb01b-b5f6-43f1-992e-47680e167e27,2,10.260610,-67.793480,SAN JOAQUIN,c4727205-2491-4f62-a6e4-207859fb07f9,2026-07-15T14:34:44Z
61585963-378f-4b2e-b2d7-8919fa1640b7,0,10.548921,-71.636708,Maracaibo,c4a9be8e-78ff-467d-88e2-288b7b7f5c0e,2026-07-15T14:34:39Z
6c04fee0-4d3e-4ff2-9d60-e71beca21dd6,1,7.913700,-72.141613,TACHIRA,c4a9be8e-78ff-467d-88e2-288b7b7f5c0e,2026-07-15T14:34:39Z
672af1e0-ddd5-47fb-9863-f5f5e5eb6555,0,10.548921,-71.636708,Maracaibo,c5480888-6dee-4ecf-84df-db83879d0eb7,2026-07-15T14:34:44Z
4347baa7-33d6-4c5a-975b-8c28dfc94da1,1,10.476720,-66.960690,LA YAGUARA,c5480888-6dee-4ecf-84df-db83879d0eb7,2026-07-15T14:34:44Z
3faf4be0-ec99-416c-868d-68728e655145,2,10.162840,-68.000560,VALENCIA,c5480888-6dee-4ecf-84df-db83879d0eb7,2026-07-15T14:34:44Z
ecfd9818-e486-4fdb-bfdc-c4c0bc8b38aa,3,10.159510,-68.894530,CHIVACOA,c5480888-6dee-4ecf-84df-db83879d0eb7,2026-07-15T14:34:44Z
fb49ac2d-17df-4966-ae7a-1b111b93cb72,0,10.548921,-71.636708,Maracaibo,c94ebb90-237f-4a29-9289-98f51aedcbcc,2026-07-15T14:34:39Z
c45893b5-a943-4612-8b7d-3a4c5e81968e,1,10.058770,-72.555420,MACHIQUES,c94ebb90-237f-4a29-9289-98f51aedcbcc,2026-07-15T14:34:39Z
2673f6b0-cb11-4b1d-ac27-a75d71c1bf8a,0,10.548921,-71.636708,Maracaibo,c96f94f7-d164-462f-b08e-5004f8af0070,2026-07-15T14:34:44Z
056a0321-34bb-48d8-a410-42ac9c3c2607,1,10.476720,-66.960690,YAGUARA,c96f94f7-d164-462f-b08e-5004f8af0070,2026-07-15T14:34:44Z
cc69cf5c-2652-4404-b610-a9df73425cc0,2,10.340190,-68.745310,YARACUY,c96f94f7-d164-462f-b08e-5004f8af0070,2026-07-15T14:34:44Z
dc7a8a2d-10c2-49c1-8fdf-c4cb03842ffc,0,10.548921,-71.636708,Maracaibo,cbea09ce-63e9-481e-acbc-3f369ada5ade,2026-07-15T14:34:44Z
3d643498-d601-4603-a18c-2bc0ddf2e72d,1,10.340190,-68.745310,YARACUY,cbea09ce-63e9-481e-acbc-3f369ada5ade,2026-07-15T14:34:44Z
f8a31bfb-d309-4127-a714-b7eebb662fde,2,10.064700,-69.357030,BARQUISIMETO,cbea09ce-63e9-481e-acbc-3f369ada5ade,2026-07-15T14:34:44Z
40f0b916-6671-418f-97fe-8960913b860b,0,10.548921,-71.636708,Maracaibo,cc3f37e0-58dd-49be-b22e-9d0d55b30fdc,2026-07-15T14:34:39Z
89b22893-952d-4726-a683-0cc77b922dd1,1,9.568826,-63.533403,SANTA BARBARA,cc3f37e0-58dd-49be-b22e-9d0d55b30fdc,2026-07-15T14:34:39Z
e23eebf8-6639-4be7-8c82-ac830f69d7a9,0,10.548921,-71.636708,Maracaibo,d0615aa8-786b-4500-8745-6f496fa4ae31,2026-07-15T14:34:39Z
da9f13ee-ca6d-4236-94a2-1901e8d5089c,1,11.018391,-70.680285,DABAJURO,d0615aa8-786b-4500-8745-6f496fa4ae31,2026-07-15T14:34:39Z
7e23a0b1-9fe6-4c38-bc5c-962d2fd2cf4e,0,10.548921,-71.636708,Maracaibo,d358a623-82ee-4c3e-914a-6f3849a288ba,2026-07-15T14:34:44Z
9a414790-d831-4ac5-8d67-eda77c9061d3,1,10.159510,-68.894530,CHIVACOA,d358a623-82ee-4c3e-914a-6f3849a288ba,2026-07-15T14:34:44Z
40299a99-095b-4b9a-94e9-083f7db6274e,2,10.487150,-68.200780,MORON,d358a623-82ee-4c3e-914a-6f3849a288ba,2026-07-15T14:34:44Z
49663ee1-a112-462e-a9f9-5fa6114be089,0,10.548921,-71.636708,Maracaibo,d867ce5e-8022-4fb9-a5f8-74b0bc330e6d,2026-07-15T14:34:39Z
3a47cdf0-3b62-4f14-98ec-244f98bf1ee0,1,8.578985,-71.169294,MERIDA,d867ce5e-8022-4fb9-a5f8-74b0bc330e6d,2026-07-15T14:34:39Z
3ae89dae-8eec-4b89-b35a-551f39156fd2,0,10.548921,-71.636708,Maracaibo,d963b5cb-e404-4502-8a11-01d7578be4a9,2026-07-15T14:34:44Z
2920c50f-ee25-49ff-a164-e384ed5396b6,1,10.476720,-66.960690,YAGUARA,d963b5cb-e404-4502-8a11-01d7578be4a9,2026-07-15T14:34:44Z
f6a767c0-655f-4da7-b9dc-bf10e9f79a17,2,10.162840,-68.000560,VALENCIA,d963b5cb-e404-4502-8a11-01d7578be4a9,2026-07-15T14:34:44Z
0b711911-87d2-4e5d-8798-234193bb73d6,0,10.548921,-71.636708,Maracaibo,dd048432-6f37-448d-bb1f-15c2de1d82b9,2026-07-15T14:34:39Z
6689fdaf-8090-4890-a69c-043b0fe525a0,1,8.614427,-71.655469,VIGIA,dd048432-6f37-448d-bb1f-15c2de1d82b9,2026-07-15T14:34:39Z
63ecd414-d9c7-4869-ab0f-965a67d8675b,0,10.548921,-71.636708,Maracaibo,dd23c495-1829-49f0-8399-4e01537dbe11,2026-07-15T14:34:44Z
3d89131a-03a0-4c97-a3ad-59bbb6107f71,1,9.259340,-70.952480,ARAPUEY CAJA SECA,dd23c495-1829-49f0-8399-4e01537dbe11,2026-07-15T14:34:44Z
3898a53a-c368-46e1-b12c-5c9fc4cdcc0f,2,10.259910,-67.802250,LOS PUERTOS,dd23c495-1829-49f0-8399-4e01537dbe11,2026-07-15T14:34:44Z
5e161a47-0501-47cf-aae0-9ebb80a0f1b4,0,10.548921,-71.636708,Maracaibo,dea1779a-7698-4f9b-97f6-fd9caf7e7e43,2026-07-15T14:34:44Z
4e2fb325-2751-4e08-9e8e-ecbee6bd70df,1,10.473060,-68.012500,PTO CABELLO,dea1779a-7698-4f9b-97f6-fd9caf7e7e43,2026-07-15T14:34:44Z
0a9671f7-4028-44e9-8926-6017c75e30dd,2,10.228560,-67.474210,TURMERO,dea1779a-7698-4f9b-97f6-fd9caf7e7e43,2026-07-15T14:34:44Z
1bc45c75-9eb6-46e3-93bf-86b7efe55232,0,10.548921,-71.636708,Maracaibo,df739616-69da-4d33-991d-24a1c6add4f5,2026-07-15T14:34:39Z
17a4da43-16db-4bf1-a183-5acdfea43763,1,8.100895,-71.460648,LA VILLA,df739616-69da-4d33-991d-24a1c6add4f5,2026-07-15T14:34:39Z
07c727ae-82ff-40c6-8455-00891c7181ff,0,10.548921,-71.636708,Maracaibo,e0c03d00-25e9-42f3-b20d-13763f8b8629,2026-07-15T14:34:39Z
fa664963-db7c-4a69-9ece-c64c6353763e,1,9.260437,-70.954086,ARAPUEY,e0c03d00-25e9-42f3-b20d-13763f8b8629,2026-07-15T14:34:39Z
b9265d70-3fb3-4c76-aacc-37b26adb070b,0,10.548921,-71.636708,Maracaibo,e1879d7d-acbb-49bd-9b32-1f605cff5a9e,2026-07-15T14:34:44Z
0709d67c-a133-439d-aa1a-6561757cd054,1,10.162840,-68.000560,VALENCIA,e1879d7d-acbb-49bd-9b32-1f605cff5a9e,2026-07-15T14:34:44Z
9792c8df-ddc9-438e-8f75-d22f22479afe,2,10.226090,-67.877000,GUACARA,e1879d7d-acbb-49bd-9b32-1f605cff5a9e,2026-07-15T14:34:44Z
1834424a-708d-4459-bd45-fde49311cfe4,0,10.548921,-71.636708,Maracaibo,e287b218-99a0-4354-bbf7-eca99dee01d8,2026-07-15T14:34:44Z
716667fc-05bc-42e6-931a-164a2cb4f826,1,10.260610,-67.793480,SAN JOAQUIN,e287b218-99a0-4354-bbf7-eca99dee01d8,2026-07-15T14:34:44Z
0c5c6441-0033-4d16-a68a-7c2ac59b336c,2,10.814720,-71.755280,NUEVA LUCHA,e287b218-99a0-4354-bbf7-eca99dee01d8,2026-07-15T14:34:44Z
fd6eca7c-3016-486c-93b0-0708e86e55e0,0,10.548921,-71.636708,Maracaibo,e49bcf20-a029-4010-ba29-9e156083f8ad,2026-07-15T14:34:44Z
98b506d7-215d-4546-9bf6-bc9200b108d0,1,10.031350,-67.493370,LA VILLA,e49bcf20-a029-4010-ba29-9e156083f8ad,2026-07-15T14:34:44Z
f70bbd4d-8a71-4939-bcd4-7a4871c95d9f,2,10.714920,-71.521680,LOS PUEROS,e49bcf20-a029-4010-ba29-9e156083f8ad,2026-07-15T14:34:44Z
cb8cd7fa-56b0-4fe8-9889-95ab9a644c1d,0,10.548921,-71.636708,Maracaibo,e54b4d8e-ea09-4b17-9cf8-4e29e82d34c5,2026-07-15T14:34:44Z
4756d63f-b21e-47f8-bc00-a7a699989a4c,1,10.259910,-67.802250,LOS PUERTOS,e54b4d8e-ea09-4b17-9cf8-4e29e82d34c5,2026-07-15T14:34:44Z
5fc02082-c476-4a2e-b002-3b40ebfb9a56,2,10.399070,-71.452060,PANAMERICANA,e54b4d8e-ea09-4b17-9cf8-4e29e82d34c5,2026-07-15T14:34:44Z
3e6c0ff7-7256-4b8b-bec3-2daf39f76b77,0,10.548921,-71.636708,Maracaibo,e60e12fa-e6c6-4d17-a353-8967ec98fdc0,2026-07-15T14:34:44Z
c0e65b73-a455-46a7-b893-fa2c79259a2d,1,10.260610,-67.793480,SAN JOAQUIN,e60e12fa-e6c6-4d17-a353-8967ec98fdc0,2026-07-15T14:34:44Z
f2ce779b-6f93-4866-975b-6507b1813b45,2,10.031350,-67.493370,LA VILLA,e60e12fa-e6c6-4d17-a353-8967ec98fdc0,2026-07-15T14:34:44Z
261f193e-e6cd-4a3a-95b6-391ca33227ed,0,10.548921,-71.636708,Maracaibo,e6a4aa53-a00b-4fab-a867-617b97e3a094,2026-07-15T14:34:39Z
b4599058-a9fe-4aff-97e5-db5514e09e8c,1,10.162845,-68.000563,VALENCIA,e6a4aa53-a00b-4fab-a867-617b97e3a094,2026-07-15T14:34:39Z
3bee383b-ff96-4e46-8e3b-704ab9281f13,0,10.548921,-71.636708,Maracaibo,eb55abc8-aba9-4843-80f6-89f341d04fb0,2026-07-15T14:34:44Z
0c01e1c4-d960-4ca6-b434-384b600904c6,1,10.476720,-66.960690,YAGUARA,eb55abc8-aba9-4843-80f6-89f341d04fb0,2026-07-15T14:34:44Z
03668f45-a2d0-49dc-a164-ccfffc203b4f,2,10.260610,-67.793480,SAN JOAQUIN,eb55abc8-aba9-4843-80f6-89f341d04fb0,2026-07-15T14:34:44Z
01188195-b680-456b-abf4-ccc689367cfd,0,10.548921,-71.636708,Maracaibo,f21ca0c8-226f-4dd8-aa59-a5638493ab70,2026-07-15T14:34:39Z
134b859c-e6b8-45a2-8c25-0e1567ad2871,1,10.044660,-64.741682,POTOCOS,f21ca0c8-226f-4dd8-aa59-a5638493ab70,2026-07-15T14:34:39Z
c1a90826-74fb-4f0b-8d74-12d4c0247f05,0,10.548921,-71.636708,Maracaibo,f8f1339b-78d1-4a18-95ee-8dbdb28af601,2026-07-15T14:34:44Z
f196609c-43ed-42ba-bfaa-fd05270d4946,1,10.031350,-67.493370,LA VILLA,f8f1339b-78d1-4a18-95ee-8dbdb28af601,2026-07-15T14:34:44Z
2fe016fa-0767-4e8b-8908-0b2af00bae27,2,9.365800,-70.434100,TRUJILLO,f8f1339b-78d1-4a18-95ee-8dbdb28af601,2026-07-15T14:34:44Z
17b5b108-9edb-4b91-a89b-2a37fbce2059,0,10.548921,-71.636708,Maracaibo,faf5919e-f92d-42af-be38-0c989f6d8834,2026-07-15T14:34:44Z
3535f578-26bb-4a54-8a64-e3ac9f60d935,1,10.138400,-64.687690,BARCELONA,faf5919e-f92d-42af-be38-0c989f6d8834,2026-07-15T14:34:44Z
e94b293b-26ad-4370-974a-8509359cc565,2,10.283100,-66.375910,CAUCAGUA,faf5919e-f92d-42af-be38-0c989f6d8834,2026-07-15T14:34:44Z
27e7199b-0716-4361-98a2-13248ad6f0b8,0,10.548921,-71.636708,Maracaibo,fe63087f-2836-4386-8dd1-e277a33328a9,2026-07-15T14:34:44Z
c6556e42-eeb3-4aa9-b8b6-90d72598e91f,1,10.340190,-68.745310,YARACUY,fe63087f-2836-4386-8dd1-e277a33328a9,2026-07-15T14:34:44Z
080d882a-8d97-46b2-b5e6-c624c8ffd442,2,10.060770,-72.552120,MACHIQUES,fe63087f-2836-4386-8dd1-e277a33328a9,2026-07-15T14:34:44Z
